{"cameraMode":{"drawMode":0,"name":"Shaded","section":"Shading Mode"},"sceneLighting":true,"audioPlay":false,"sceneViewState":{"showFog":true,"showMaterialUpdate":true,"showSkybox":true,"showFlares":true,"showImageEffects":true,"showParticleSystems":true},"in2DMode":false,"pivot":{"x":-0.000001430511474609375,"y":0.2639509439468384,"z":0.011244058609008789},"rotation":{"x":-0.04305114224553108,"y":0.9492843151092529,"z":-0.14960265159606934,"w":-0.2731753885746002},"size":2.9688234329223635,"orthographic":false}